Grid Size,Processes,Average Time (s)
512x512,1,5.55340000000000000000
512x512,4,2.89747575000000000000
512x512,16,1.08597100000000000000
512x512,64,1.00655475000000000000
